{"plugins":{"cordova-plugin-geolocation":"C:\\Users\\Kevin\\AppData\\Roaming\\npm\\node_modules\\cordova-simulate\\src\\plugins\\cordova-plugin-geolocation","exec":"C:\\Users\\Kevin\\AppData\\Roaming\\npm\\node_modules\\cordova-simulate\\src\\plugins\\exec","events":"C:\\Users\\Kevin\\AppData\\Roaming\\npm\\node_modules\\cordova-simulate\\src\\plugins\\events","cordova-plugin-device":"C:\\Users\\Kevin\\AppData\\Roaming\\npm\\node_modules\\cordova-simulate\\src\\plugins\\cordova-plugin-device","android-platform-core":"C:\\Users\\Kevin\\AppData\\Roaming\\npm\\node_modules\\cordova-simulate\\src\\platforms\\android"},"files":{"C:\\Users\\Kevin\\AppData\\Roaming\\npm\\node_modules\\cordova-simulate\\src\\modules\\messages.js":1526562081000,"C:\\Users\\Kevin\\AppData\\Roaming\\npm\\node_modules\\cordova-simulate\\src\\modules\\db.js":1526562081000,"C:\\Users\\Kevin\\AppData\\Roaming\\npm\\node_modules\\cordova-simulate\\src\\modules\\event.js":1526562081000,"C:\\Users\\Kevin\\AppData\\Roaming\\npm\\node_modules\\cordova-simulate\\src\\modules\\argscheck.js":1526562081000,"C:\\Users\\Kevin\\AppData\\Roaming\\npm\\node_modules\\cordova-simulate\\src\\modules\\exception.js":1526562081000,"C:\\Users\\Kevin\\AppData\\Roaming\\npm\\node_modules\\cordova-simulate\\src\\modules\\polyfills.js":1526562081000,"C:\\Users\\Kevin\\AppData\\Roaming\\npm\\node_modules\\cordova-simulate\\src\\modules\\utils.js":1526562081000,"C:\\Users\\Kevin\\AppData\\Roaming\\npm\\node_modules\\cordova-simulate\\src\\modules\\xhr-proxy.js":1526562081000,"C:\\Users\\Kevin\\AppData\\Roaming\\npm\\node_modules\\cordova-simulate\\src\\modules\\sim-constants.js":1526562081000,"C:\\Users\\Kevin\\AppData\\Roaming\\npm\\node_modules\\cordova-simulate\\src\\third-party\\jquery.min.js":1526562081000,"C:\\Users\\Kevin\\AppData\\Roaming\\npm\\node_modules\\cordova-simulate\\src\\modules\\telemetry-helper.js":1526562081000,"C:\\Users\\Kevin\\AppData\\Roaming\\npm\\node_modules\\cordova-simulate\\src\\third-party\\socket.io.js":1526562081000,"C:\\Users\\Kevin\\AppData\\Roaming\\npm\\node_modules\\cordova-simulate\\src\\third-party\\webcomponents.min.js":1526647653000,"C:\\Users\\Kevin\\AppData\\Roaming\\npm\\node_modules\\cordova-simulate\\src\\modules\\sim-host\\sim-status.js":1526562081000,"C:\\Users\\Kevin\\AppData\\Roaming\\npm\\node_modules\\cordova-simulate\\src\\modules\\sim-host\\dialog.js":1526654259000,"C:\\Users\\Kevin\\AppData\\Roaming\\npm\\node_modules\\cordova-simulate\\src\\sim-host\\ui\\sim-host.js":1526562081000,"C:\\Users\\Kevin\\AppData\\Roaming\\npm\\node_modules\\cordova-simulate\\src\\plugins\\exec\\sim-host-handlers.js":1526562081000,"C:\\Users\\Kevin\\AppData\\Roaming\\npm\\node_modules\\cordova-simulate\\src\\plugins\\cordova-plugin-geolocation\\sim-host-handlers.js":1526562081000,"C:\\Users\\Kevin\\AppData\\Roaming\\npm\\node_modules\\cordova-simulate\\src\\plugins\\events\\sim-host.js":1526562081000,"C:\\Users\\Kevin\\AppData\\Roaming\\npm\\node_modules\\cordova-simulate\\src\\plugins\\cordova-plugin-geolocation\\sim-host.js":1526562081000,"C:\\Users\\Kevin\\AppData\\Roaming\\npm\\node_modules\\cordova-simulate\\src\\plugins\\exec\\sim-host.js":1527166153000,"C:\\Users\\Kevin\\AppData\\Roaming\\npm\\node_modules\\cordova-simulate\\src\\plugins\\cordova-plugin-device\\sim-host.js":1529324688000,"C:\\Users\\Kevin\\AppData\\Roaming\\npm\\node_modules\\cordova-simulate\\src\\plugins\\cordova-plugin-device\\sim-host-handlers.js":1526562081000,"C:\\Users\\Kevin\\AppData\\Roaming\\npm\\node_modules\\cordova-simulate\\src\\platforms\\android\\sim-host-handlers.js":1526562081000,"C:\\Users\\Kevin\\AppData\\Roaming\\npm\\node_modules\\cordova-simulate\\src\\plugins\\cordova-plugin-geolocation\\geo-model.js":1526562081000,"C:\\Users\\Kevin\\AppData\\Roaming\\npm\\node_modules\\cordova-simulate\\src\\plugins\\cordova-plugin-geolocation\\PositionError.js":1526562081000,"C:\\Users\\Kevin\\AppData\\Roaming\\npm\\node_modules\\cordova-simulate\\src\\plugins\\exec\\saved-sims.js":1526562081000,"C:\\Users\\Kevin\\AppData\\Roaming\\npm\\node_modules\\cordova-simulate\\src\\plugins\\cordova-plugin-device\\device-model.js":1526562081000,"C:\\Users\\Kevin\\AppData\\Roaming\\npm\\node_modules\\cordova-simulate\\src\\sim-host\\ui\\custom-elements.js":1529323460000,"C:\\Users\\Kevin\\AppData\\Roaming\\npm\\node_modules\\cordova-simulate\\src\\sim-host\\protocol\\socket.js":1526562081000,"C:\\Users\\Kevin\\AppData\\Roaming\\npm\\node_modules\\cordova-simulate\\src\\devices\\os-versions.json":1526562081000,"C:\\Users\\Kevin\\AppData\\Roaming\\npm\\node_modules\\cordova-simulate\\node_modules\\q\\q.js":1508435252000,"C:\\Users\\Kevin\\AppData\\Roaming\\npm\\node_modules\\cordova-simulate\\node_modules\\process\\browser.js":1493209628000,"C:\\Users\\Kevin\\AppData\\Roaming\\npm\\node_modules\\cordova-simulate\\node_modules\\timers-browserify\\main.js":1424707434000}}